<?xml version="1.0" encoding="UTF-8"?>
<project-private xmlns="http://www.netbeans.org/ns/project-private/1">
    <editor-bookmarks xmlns="http://www.netbeans.org/ns/editor-bookmarks/2" lastBookmarkId="0"/>
    <open-files xmlns="http://www.netbeans.org/ns/projectui-open-files/2">
        <group>
            <file>file:/C:/Users/RGABRIE/Documents/NetBeansProjects/ejercicio_nov14/src/ejercicio_nov14/empleado.java</file>
            <file>file:/C:/Users/RGABRIE/Documents/NetBeansProjects/ejercicio_nov14/src/ejercicio_nov14/Ejercicio_nov14.java</file>
            <file>file:/C:/Users/RGABRIE/Documents/NetBeansProjects/ejercicio_nov14/src/ejercicio_nov14/bonificacion.java</file>
        </group>
    </open-files>
</project-private>
